order_id,order_date,order_quantity,amount,rate
ORDC16078,2026-09-15,19,11611.66,611.14
ORDQ34225,2026-09-25,2,664.6,332.3
ORDP42322,2026-09-18,5,8687.7,1737.54
ORDN16891,2026-09-26,10,18029.2,1802.92
ORDT36356,2026-09-24,20,38529.4,1926.47
ORDW31391,2026-09-18,4,5337.12,1334.28
ORDL42897,2026-09-18,11,913.88,83.08
ORDL82379,2026-09-19,24,2627.04,109.46
ORDC33411,2026-09-23,13,22300.85,1715.45
ORDX32921,2026-09-21,22,6888.42,313.11
ORDE62397,2026-09-17,6,2878.56,479.76
ORDZ34994,2026-09-16,12,22690.32,1890.86
ORDR17952,2026-09-22,8,5714.08,714.26
ORDJ66229,2026-09-25,2,3467.08,1733.54
ORDE55892,2026-09-26,4,1353.16,338.29
ORDS17807,2026-09-24,8,16152.8,2019.1
ORDG94660,2026-09-23,15,34209.75,2280.65
ORDC28346,2026-09-15,12,4967.4,413.95
ORDU73914,2026-09-21,15,36774.0,2451.6
ORDY43493,2026-09-19,19,45683.03,2404.37
ORDQ83157,2026-09-24,2,2182.78,1091.39
ORDJ81970,2026-09-17,5,5117.45,1023.49
ORDS11095,2026-09-24,2,1569.26,784.63
ORDP32396,2026-09-17,8,9841.04,1230.13
ORDT12847,2026-09-16,15,13184.25,878.95
